canonical_arxiv_id,category
2607.07708,cs.CL
2607.07708,cs.AI
2607.07708,cs.CE
2607.07708,cs.LG
2607.07707,cs.CL
2607.07707,cs.AI
2607.07707,cs.LG
2607.07706,cs.LG
2607.07702,cs.CL
2607.07696,cs.DB
2607.07696,cs.AI
2607.0768,math.ST
2607.0768,cs.LG
2607.0768,math.PR
2607.07678,cs.LG
2607.07673,cs.CV
2607.07673,cs.LG
2607.0767,cs.CL
2607.0767,cs.LG
2607.07669,cs.CL
2607.07669,cs.AI
2607.07646,cs.AI
2607.07646,cs.CL
2607.07626,cs.CL
2607.07626,cs.AI
2607.07573,cs.LG
2607.07573,cs.CR
2607.07557,cs.CL
2607.07557,cs.LG
2607.07548,cs.CL
2607.07527,stat.ML
2607.07527,cs.LG
2607.07521,cs.HC
2607.07521,cs.AI
2607.07508,cs.LG
2607.07508,cs.AI
2607.07507,cs.CV
2607.07507,cs.AI
2607.07494,cs.DC
2607.07494,cs.LG
2607.07478,cs.LG
2607.07478,cs.CL
2607.07478,eess.SP
2607.07474,cs.CR
2607.07474,cs.AI
2607.07474,cs.CL
2607.07469,cs.CL
2607.07469,cs.AI
2607.07468,stat.ML
2607.07468,cs.LG
2607.07468,math.ST
2607.07467,cs.AI
2607.07408,cs.CL
2607.07401,cs.CV
2607.07401,cs.AI
2607.07401,cs.LG
2607.07395,cs.CV
2607.07395,cs.AI
2607.07395,cs.LG
2607.07388,cs.CL
2607.07388,cs.LG
2607.07386,cs.LG
2607.07382,cs.LG
2607.07382,astro-ph.HE
2607.07382,astro-ph.IM
2607.07379,cs.AI
2607.07379,cs.LG
2607.07375,cs.LG
2607.07375,cs.AI
2607.07357,cs.RO
2607.07357,cs.AI
2607.07321,cs.AI
2607.07321,cs.CL
2607.07321,cs.MA
2607.07316,cs.LG
2607.07289,cond-mat.mtrl-sci
2607.07289,cond-mat.dis-nn
2607.07289,cs.AI
2607.07289,cs.LG
2607.07289,math.OC
2607.07277,cs.CL
2607.07277,cs.CY
2607.07267,cs.CY
2607.07267,cs.CL
2607.07267,physics.soc-ph
2607.07251,cs.CL
2607.07219,cs.CV
2607.07219,cs.AI
2607.07219,cs.LG
2607.07189,cs.AI
2607.07184,cs.LG
2607.07184,cs.AI
2607.07179,cs.CV
2607.07179,cs.LG
2607.07178,cs.LG
2607.07178,cs.AI
2607.07128,cs.LG
2607.07117,cs.CV
2607.07117,cs.AI
2607.07103,cs.LG
2607.07103,cs.DB
2607.07097,cs.AI
2607.07097,cs.CR
2607.07097,cs.MA
2607.07066,cs.LG
2607.07066,cs.AI
2607.07066,math.NT
2607.07066,math.RT
2607.0705,cs.CL
2607.0705,cs.LG
2607.07047,cs.CL
2607.07047,cs.AI
2607.07033,cs.CV
2607.07033,cs.AI
2607.07027,cs.LG
2607.07027,cs.AI
2607.07027,cs.CV
2607.07026,cs.LG
2607.07021,cs.AI
2607.07021,cs.HC
2607.07003,cs.LG
2607.07003,cs.CL
2607.06999,cs.LG
2607.06999,cs.AI
2607.06993,cs.AI
2607.06987,cs.LG
2607.06974,cs.CL
2607.06974,cs.LG
2607.06964,cs.RO
2607.06964,cs.AI
2607.06963,cs.CR
2607.06963,cs.AI
2607.06963,cs.CL
2607.0694,cs.CL
2607.0694,cs.AI
2607.06924,cs.LG
2607.06924,cs.NE
2607.06919,cs.CV
2607.06919,cs.LG
2607.06918,cs.CV
2607.06918,cs.AI
2607.06918,cs.LG
2607.06882,cs.RO
2607.06882,cs.AI
2607.06879,cs.LG
2607.06879,stat.ML
2607.06875,cs.CV
2607.06875,cs.LG
2607.06855,cs.LG
2607.06855,cs.CL
2607.06854,cs.LG
2607.06854,cs.AI
2607.06854,cs.GT
2607.06845,cs.CL
2607.06839,cs.LG
2607.06839,cs.CV
2607.06831,cs.CL
2607.06831,cs.AI
2607.06831,cs.CV
2607.06831,cs.LG
2607.06824,cs.RO
2607.06824,cs.LG
2607.06818,cs.CL
2607.06818,cs.AI
2607.06818,cs.LG
2607.06802,eess.SP
2607.06802,cs.AI
2607.06796,cs.LG
2607.06796,cs.AI
2607.06772,cs.LG
2607.06764,cs.AI
2607.06763,cs.LG
2607.06763,cs.CL
2607.06757,cs.AI
2607.06757,cs.MA
2607.06748,cs.SE
2607.06748,cs.AI
2607.0672,cs.AI
2607.0672,cs.CL
2607.06713,cs.SE
2607.06713,cs.AI
2607.06546,cs.LG
2607.06546,cs.AI
2607.06544,cs.AI
2607.06544,cs.CL
2607.0654,cs.CL
2607.06653,cs.LG
2607.06527,cs.CL
2607.06527,cs.AI
2607.06523,cs.AI
2607.06522,cs.AI
2607.06522,cs.CV
2607.06507,cs.CL
2607.06507,cs.IR
2607.06503,cs.AI
2607.06485,cs.CV
2607.06485,cs.AI
2607.06482,cs.CL
2607.06482,cs.AI
2607.06481,cs.CV
2607.06481,cs.AI
2607.06649,cs.CR
2607.06649,cs.LG
2607.06461,eess.AS
2607.06461,cs.CL
2607.06461,cs.SD
2607.06452,cs.CL
2607.06452,cs.AI
2607.06445,cs.CV
2607.06445,cs.AI
2607.06413,stat.ME
2607.06413,cs.AI
2607.06402,cs.CV
2607.06402,cs.AI
2607.06402,cs.LG
2607.06364,cs.CL
2607.06364,cs.CR
2607.06641,cs.CL
2607.06641,cs.AI
2607.06641,cs.LG
2607.06639,cs.LG
2607.06639,cs.AI
2607.06341,cs.FL
2607.06341,cs.AI
2607.06341,cs.SE
2607.06326,cs.AI
2607.06309,cs.CV
2607.06309,cs.AI
2607.06636,cs.SE
2607.06636,cs.AI
2607.06636,cs.LG
2607.06306,cs.SE
2607.06306,cs.AI
2607.06306,cs.CV
2607.0629,cs.LG
2607.0629,math.PR
2607.0629,stat.ML
2607.06289,cs.CL
2607.06269,cs.AI
2607.06269,cs.CL
2607.06254,cs.CV
2607.06254,cs.AI
2607.06631,cs.CV
2607.06631,cs.AI
2607.06631,cs.LG
2607.06229,cs.CL
2607.06229,cs.AI
2607.06229,cs.DB
2607.06224,cs.LG
2607.06223,cs.AI
2607.06196,cs.CL
2607.06196,cs.CY
2607.06629,cs.LG
2607.06629,q-bio.NC
2607.06175,cs.CL
2607.06175,cs.AI
2607.06175,cs.LG
2607.06626,cs.LG
2607.06626,q-bio.NC
2607.06163,cs.LG
2607.06163,cs.AI
2607.0616,cs.CL
2607.0616,cs.AI
2607.06157,cs.CL
2607.06157,cs.AI
2607.06145,cs.CL
2607.0614,cs.CL
2607.06623,cs.LG
2607.06623,cs.AI
2607.06623,eess.SY
2607.06127,cs.CL
2607.06105,cs.CV
2607.06105,cs.AI
2607.06097,cs.CV
2607.06097,cs.AI
2607.06055,cs.HC
2607.06055,cs.CL
2607.06054,cs.SD
2607.06054,cs.CL
2607.0662,cs.CV
2607.0662,cs.AI
2607.06037,cs.CR
2607.06037,cs.LG
2607.06009,cs.CR
2607.06009,cs.LG
2607.06009,cs.SE
2607.06008,cs.AI
2607.06008,cs.CL
2607.06001,cs.AI
2607.06001,cs.MA
2607.05992,cs.CL
2607.05992,cs.AI
2607.05985,cs.AI
2607.05985,cs.AR
2607.05985,cs.CE
2607.05985,eess.SY
2607.06614,cs.LG
2607.06614,cs.AI
2607.05978,cs.CV
2607.05978,cs.AI
2607.05969,cs.CL
2607.05964,cs.CL
2607.05964,stat.AP
2607.05956,cs.AI
2607.05956,cs.CL
2607.05955,cs.CV
2607.05955,cs.AI
2607.05937,cs.CL
2607.05937,cs.LG
2607.05936,cs.SE
2607.05936,cs.LG
2607.05933,cs.PF
2607.05933,cs.LG
2607.05908,cs.LG
2607.05904,cs.LG
2607.05902,cs.SD
2607.05902,cs.AI
2607.05901,cs.AI
2607.06611,cs.CL
2607.06611,cs.AI
2607.06611,cs.LG
2607.06611,cs.SD
2607.05891,cs.CV
2607.05891,cs.AI
2607.05891,cs.LG
2607.05888,cs.CR
2607.05888,cs.AI
2607.0588,cs.CV
2607.0588,cs.AI
2607.05872,cs.LG
2607.05872,math.OC
2607.05872,stat.ML
2607.06609,cs.LG
2607.06609,cs.AI
2607.05863,cs.LG
2607.05863,cs.GT
2607.05861,cs.CL
2607.05861,cs.LG
2607.05842,cs.SE
2607.05842,cs.AI
2607.05842,cs.CR
2607.06605,cs.LG
2607.06605,stat.ML
2607.05798,cs.CV
2607.05798,cs.AI
2607.0579,cs.AI
2607.05775,cs.AI
2607.05773,cs.AI
2607.05769,cs.CV
2607.05769,cs.AI
2607.05761,cs.AI
2607.05752,cs.CL
2607.05752,cs.AI
2607.05722,cs.CL
2607.05721,cs.CL
2607.06601,cs.LG
2607.06601,cs.AI
2607.05704,cs.LG
2607.05704,cs.CV
2607.05694,stat.ML
2607.05694,cs.LG
2607.05691,cs.CL
2607.05691,cs.LG
2607.05691,q-bio.BM
2607.05689,cs.CL
2607.05689,cs.SI
2607.05685,cs.HC
2607.05685,cs.AI
2607.05679,cs.CL
2607.05679,cs.AI
2607.05669,cs.RO
2607.05669,cs.LG
2607.05666,cs.SE
2607.05666,cs.AI
2607.05644,cs.CL
2607.05644,cs.AI
2607.05638,cs.SE
2607.05638,cs.AI
2607.05626,cs.CL
2607.05615,cs.LG
2607.05614,cs.CL
2607.05614,cs.AI
2607.05614,cs.CV
2607.05612,cs.CL
2607.05612,eess.AS
2607.06595,cs.CR
2607.06595,cs.AI
2607.05583,cs.CL
2607.05583,cs.AI
2607.05573,cs.AI
2607.05573,cs.CE
2607.05571,cs.AI
2607.05571,cs.HC
2607.05568,cs.CV
2607.05568,cs.AI
2607.05554,cs.CL
2607.05554,cs.AI
2607.05552,cs.CL
2607.05552,cs.AI
2607.05552,cs.CY
2607.05541,cs.LG
2607.05541,cs.AI
2607.05518,cs.CR
2607.05518,cs.AI
2607.05396,cs.CV
2607.05396,cs.AI
2607.05396,cs.LG
2607.05396,cs.RO
2607.05394,cs.LG
2607.05394,cs.AI
2607.05394,cs.CL
2607.05365,cs.CL
2607.05365,cs.AI
2607.05365,eess.AS
2607.05355,cs.CL
2607.05355,cs.ET
2607.05355,cs.LG
2607.05353,cs.CR
2607.05353,cs.AI
2607.05353,cs.CL
2607.05353,cs.LG
2607.05317,cs.CV
2607.05317,cs.AI
2607.05317,cs.LG
2607.05316,cs.CL
2607.05316,cs.LG
2607.0531,cs.AI
2607.05292,cs.LG
2607.05292,cs.AI
2607.05292,cs.CV
2607.05282,eess.SP
2607.05282,cs.AI
2607.05282,cs.LG
2607.05282,stat.ME
2607.05268,cs.CV
2607.05268,cs.LG
2607.05483,cs.LG
2607.05483,cs.AI
2607.05483,cs.LO
2607.05483,cs.MA
2607.05483,cs.PL
2607.05259,cs.CL
2607.05259,cs.LG
2607.05217,cs.CY
2607.05217,cs.CL
2607.05217,cs.IR
2607.05199,cs.AI
2607.05196,cs.CL
2607.05196,cs.AI
2607.05196,cs.LG
2607.05196,cs.SD
2607.05196,eess.AS
2607.05188,cs.LG
2607.05188,cs.SE
2607.05184,cs.AI
2607.05184,cs.LG
2607.05174,cs.AI
2607.05479,cs.CR
2607.05479,cs.AI
2607.05153,stat.ML
2607.05153,cs.LG
2607.05153,q-bio.BM
2607.05147,cs.AI
2607.05147,cs.CL
2607.05132,cs.CY
2607.05132,cs.CL
2607.05123,cs.AI
2607.05123,cs.CV
2607.05114,cs.LG
2607.05114,cs.AI
2607.05114,cs.CL
2607.05104,cs.LG
2607.05104,cs.AI
2607.05069,cs.CL
2607.05055,cs.AI
2607.05032,cs.CL
2607.05031,cs.SE
2607.05031,cs.AI
2607.05029,cs.CR
2607.05029,cs.AI
2607.05009,cs.LG
2607.05009,cs.AI
2607.05001,cs.CR
2607.05001,cs.AI
2607.05001,cs.LG
2607.05001,cs.MA
2607.04983,cs.NE
2607.04983,cs.AI
2607.04983,cs.ET
2607.04983,cs.GL
2607.04983,cs.LG
2607.04969,cs.LG
2607.04969,cs.CL
2607.04963,cs.AI
2607.04962,cs.CL
2607.05477,cs.MA
2607.05477,cs.AI
2607.05477,cs.CL
2607.04941,cs.CL
2607.04941,cs.SD
2607.04941,eess.AS
2607.04926,cs.LG
2607.04926,cs.AI
2607.04907,cs.AI
2607.04906,cs.LG
2607.0489,cs.CL
2607.05475,cs.AR
2607.05475,cs.AI
2607.04862,cs.LG
2607.04854,cs.AI
2607.04846,cs.LG
2607.04846,cs.AI
2607.04832,cs.CL
2607.04819,cs.LG
2607.04819,cs.CR
2607.04774,cs.LG
2607.04751,cs.LG
2607.04751,cs.AI
2607.0475,cs.AI
2607.0475,cs.CV
2607.04733,cs.CL
2607.04733,cs.LG
2607.05467,cs.CV
2607.05467,cs.LG
2607.05467,eess.IV
2607.04728,cs.CL
2607.04728,cs.AI
2607.04728,cs.LG
2607.04727,cs.SE
2607.04727,cs.AI
2607.04727,cs.CV
2607.04714,cs.RO
2607.04714,cs.AI
2607.04713,cs.LG
2607.04713,cs.AI
2607.04708,econ.TH
2607.04708,cs.AI
2607.04708,cs.CY
2607.04708,cs.GT
2607.04708,cs.HC
2607.0469,cs.CL
2607.0469,cs.LG
2607.04688,cs.LG
2607.04688,cs.AI
2607.04688,cs.CE
2607.04688,cs.CL
2607.04686,cs.CL
2607.04686,cs.AI
2607.04686,cs.SE
2607.04683,cs.CV
2607.04683,cs.CL
2607.05465,cs.CV
2607.05465,cs.AI
2607.04655,cs.CL
2607.04645,cs.CL
2607.04645,cs.AI
2607.04645,cs.CR
2607.04645,cs.LG
2607.0464,cs.CL
2607.04625,cs.CV
2607.04625,cs.AI
2607.04619,cs.SD
2607.04619,cs.CL
2607.04595,cs.LG
2607.04595,q-bio.QM
2607.04595,stat.ML
2607.04593,cs.CV
2607.04593,cs.AI
2607.0459,cs.AI
2607.04579,cs.SE
2607.04579,cs.AI
2607.04572,cs.AI
2607.04572,cs.LG
2607.04566,cs.CL
2607.04563,cs.CL
2607.04562,cs.AI
2607.04562,cs.NE
2607.04558,cs.CL
2607.04558,cs.AI
2607.04558,cs.LG
2607.04537,cs.SE
2607.04537,cs.AI
2607.04535,cs.LG
2607.04535,stat.ML
2607.04534,cs.CL
2607.04531,cs.LG
2607.04531,cs.AI
2607.04531,eess.SP
2607.04531,math.NA
2607.04525,cs.CL
2607.04525,cs.AI
2607.05458,cs.LG
2607.05458,cs.AI
2607.04523,cs.CL
2607.04523,cs.AI
2607.05456,cs.AI
2607.05456,cs.CL
2607.05456,q-bio.QM
2607.0451,cs.CL
2607.0451,cs.AI
2607.0451,cs.CY
2607.0451,cs.LG
2607.04505,cs.AI
2607.04486,cs.LG
2607.04486,cs.CV
2607.0447,cs.LG
2607.0447,cs.AI
2607.0447,math.OC
2607.04469,cs.CL
2607.04443,cs.CV
2607.04443,cs.AI
2607.04443,cs.GR
2607.04443,cs.LG
2607.04439,cs.AI
2607.04436,cs.SE
2607.04436,cs.AI
2607.04433,cs.IR
2607.04433,cs.CL
2607.0443,cs.CL
2607.04429,cs.CL
2607.04429,cs.AI
2607.04428,cs.CL
2607.04428,cs.AI
2607.04423,cs.CV
2607.04423,cs.AI
2607.04422,cs.LG
2607.04422,cs.AI
2607.0441,cs.CL
2607.04394,cs.AI
2607.04394,cs.SC
2607.04391,cs.CL
2607.04383,cs.SD
2607.04383,cs.AI
2607.04364,cs.LG
2607.0435,cs.CL
2607.04344,cs.CV
2607.04344,cs.AI
2607.04333,cs.LG
2607.04332,cs.LG
2607.04329,cs.AI
2607.04319,cs.CL
2607.04319,cs.LG
2607.04302,cs.LG
2607.04302,cs.AI
2607.04302,cs.AR
2607.04302,cs.CL
2607.04302,cs.PF
2607.04293,cs.CL
2607.04293,cs.AI
2607.04293,cs.LG
2607.04293,stat.ML
2607.0429,cs.NI
2607.0429,cs.AI
2607.04281,cs.CL
2607.04281,cs.AI
2607.04277,physics.soc-ph
2607.04277,cs.AI
2607.0427,cs.IR
2607.0427,cs.AI
2607.04262,cs.LG
2607.04242,cs.AI
2607.04241,cs.CV
2607.04241,cs.AI
2607.04241,cs.LG
2607.0424,cs.AI
2607.0424,q-bio.CB
2607.04235,cs.CL
2607.04223,cs.CL
2607.04223,cs.AI
2607.04223,cs.LG
2607.04222,cs.AI
2607.04219,cs.AI
2607.04219,cs.MA
2607.04219,cs.NI
2607.04206,cs.DC
2607.04206,cs.LG
2607.04179,cs.CV
2607.04179,cs.AI
2607.04171,cs.RO
2607.04171,cs.LG
2607.04167,cs.LG
2607.04163,cs.CV
2607.04163,cs.AI
2607.04156,cs.AI
2607.04156,cs.SC
2607.04153,cs.LG
2607.04153,cs.AI
2607.04147,cs.CV
2607.04147,cs.AI
2607.0414,eess.AS
2607.0414,cs.CL
2607.04119,cs.CV
2607.04119,cs.AI
2607.04108,cs.LG
2607.04096,cs.AI
2607.04081,cs.LG
2607.04081,stat.ML
2607.04079,cs.CV
2607.04079,cs.AI
2607.04079,cs.LG
2607.04072,cs.SE
2607.04072,cs.AI
2607.04072,quant-ph
2607.04064,cs.CL
2607.04064,cs.AI
2607.04064,cs.SD
2607.04064,eess.AS
2607.04061,cs.CL
2607.04061,cs.AI
2607.04061,cs.LG
2607.04061,stat.ML
2607.04049,cs.AI
2607.04034,cs.SE
2607.04034,cs.AI
2607.04033,cs.LG
2607.04033,cs.AI
2607.04029,cs.CL
2607.04008,cs.CL
2607.04008,cs.IR
2607.03994,cs.CV
2607.03994,cs.AI
2607.03973,cs.LG
2607.03968,cs.SE
2607.03968,cs.AI
2607.03964,cs.RO
2607.03964,cs.AI
2607.03957,cs.CL
2607.03957,cs.AI
2607.03953,cs.CL
2607.03953,cs.AI
2607.03951,cs.SE
2607.03951,cs.AI
2607.03951,cs.LO
2607.03951,cs.PL
2607.03948,cs.AI
2607.03948,cs.LG
2607.03948,math.OC
2607.03936,cs.CL
2607.03929,cs.CL
2607.03929,cs.AI
2607.03929,cs.LG
2607.03904,cs.LG
2607.03904,astro-ph.IM
2607.03904,gr-qc
2607.03903,cs.LG
2607.039,cs.CV
2607.039,cs.LG
2607.03887,cs.CR
2607.03887,cs.AI
2607.03887,cs.SE
2607.03886,cs.IR
2607.03886,cs.AI
2607.03876,cs.LG
2607.03869,cs.CV
2607.03869,cs.AI
2607.03863,cs.CL
2607.03847,cs.LG
2607.03836,cs.CV
2607.03836,cs.AI
2607.03836,cs.CL
2607.03833,cs.CL
2607.03833,cs.AI
2607.03831,cs.CV
2607.03831,cs.AI
2607.03803,cs.CV
2607.03803,cs.AI
2607.03801,cs.LG
2607.03801,cs.AI
2607.03801,cs.CL
2607.03791,cs.DS
2607.03791,cs.LG
2607.03784,cs.CV
2607.03784,cs.AI
2607.03763,cs.LG
2607.03763,cs.AI
2607.03748,cs.AI
2607.03738,cs.CV
2607.03738,cs.AI
2607.03704,cs.CL
2607.03702,cs.AI
2607.03701,cs.AR
2607.03701,cs.CR
2607.03701,cs.LG
2607.03695,cs.LG
2607.03692,cs.LG
2607.03692,math.NA
2607.03692,math.ST
2607.03691,cs.SE
2607.03691,cs.AI
2607.03691,cs.LG
2607.03664,cs.LG
2607.03664,math.OC
2607.03664,stat.ML
2607.03663,cs.LG
2607.03663,cs.AI
2607.03663,cs.CV
2607.0366,stat.ML
2607.0366,cs.LG
2607.0366,stat.CO
2607.03659,cs.DB
2607.03659,cs.AI
2607.03657,cs.CV
2607.03657,cs.AI
2607.03656,cs.SE
2607.03656,cs.AI
2607.03656,cs.CR
2607.03653,cs.CR
2607.03653,cs.LG
2607.03652,cs.AR
2607.03652,cs.AI
2607.03651,cs.LG
2607.03651,math.OC
2607.0365,cs.CV
2607.0365,cs.AI
2607.03644,cs.CV
2607.03644,cs.AI
2607.0364,cs.CL
2607.0364,cs.AI
2607.0364,cs.LG
2607.03624,cs.CV
2607.03624,cs.AI
2607.03624,cs.LG
2607.03612,cs.CV
2607.03612,cs.LG
2607.03598,cs.CL
2607.03598,cs.AI
2607.03598,cs.LG
2607.03595,cs.CV
2607.03595,cs.AI
2607.03595,cs.RO
2607.03591,cs.CV
2607.03591,cs.AI
2607.03591,cs.CY
2607.03585,cs.LG
2607.03581,cs.CV
2607.03581,cs.AI
2607.0358,cs.LG
2607.0358,cs.CV
2607.05441,cs.IR
2607.05441,cs.AI
2607.0354,cs.CL
2607.03528,cs.LG
2607.03528,cs.AI
2607.03528,cs.CL
2607.03523,cs.SE
2607.03523,cs.CL
2607.03516,cs.SE
2607.03516,cs.AI
2607.03516,cs.CY
2607.0351,cs.SE
2607.0351,cs.AI
2607.0351,cs.CY
2607.03487,cs.LG
2607.03487,cs.AI
2607.03487,cs.IT
2607.03482,cs.CL
2607.03478,cs.AI
2607.03461,cs.CV
2607.03461,cs.LG
2607.03453,cs.LG
2607.03453,cs.AI
2607.03447,cs.IR
2607.03447,cs.AI
2607.03447,cs.CL
2607.03436,cs.LG
2607.03426,cs.LG
2607.03426,cs.AI
2607.05438,cs.IR
2607.05438,cs.AI
2607.03414,cs.CL
2607.03377,cs.CL
2607.03377,cs.AI
2607.03365,cs.CV
2607.03365,cs.AI
2607.03358,cs.CV
2607.03358,cs.CL
2607.03358,cs.LG
2607.0335,cs.CR
2607.0335,cs.AI
2607.0335,cs.SE
2607.03329,cs.LG
2607.03329,stat.ME
2607.03325,cs.CL
2607.03325,cs.AI
2607.03325,cs.IR
2607.03324,eess.SY
2607.03324,cs.AI
2607.05436,cs.LG
2607.03303,cs.AI
2607.03283,cs.AI
2607.03248,cs.LG
2607.03248,cs.AI
2607.03245,cs.LG
2607.03236,cs.CL
2607.03233,cs.CR
2607.03233,cs.AI
2607.03233,cs.IR
2607.03233,cs.SI
2607.03174,cs.SE
2607.03174,cs.AI
2607.03162,cs.AI
2607.03162,cs.HC
2607.0316,cs.CL
2607.0316,cs.AI
2607.03158,cs.SE
2607.03158,cs.AI
2607.03158,cs.LG
2607.03148,cs.LG
2607.03148,cs.AI
2607.03131,cs.CV
2607.03131,cs.AI
2607.03126,cs.LG
2607.03126,cs.AI
2607.03109,hep-th
2607.03109,cs.LG
2607.03108,cs.LG
2607.03108,cs.CV
2607.03093,cs.CL
2607.03093,cs.AI
2607.03091,cs.AI
2607.03091,cs.CL
2607.03091,cs.CY
2607.03091,cs.MA
2607.03091,stat.ME
2607.03065,cs.LG
2607.03065,cs.AI
2607.03057,cs.LG
2607.03057,cs.AI
2607.0305,cs.LG
2607.0305,cs.AI
2607.0305,cs.CV
2607.0305,cs.SD
2607.03039,cs.LG
2607.03039,cond-mat.stat-mech
2607.03025,cs.AI
2607.03025,cs.MA
2607.03013,cs.CV
2607.03013,cs.AI
2607.03012,cs.CV
2607.03012,cs.AI
2607.03012,cs.LG
2607.03011,cs.LG
2607.03011,cs.AI
2607.03011,cs.CL
2607.03007,cs.LG
2607.03007,cs.AI
2607.03007,q-bio.BM
2607.03003,cs.CL
2607.02998,cs.CV
2607.02998,cs.AI
2607.02998,cs.LG
2607.02995,cs.CV
2607.02995,cs.AI
2607.02983,cs.AI
2607.0298,cs.CL
2607.0298,cs.AI
2607.02975,cs.AI
2607.02975,cs.CL
2607.02967,cs.LG
2607.02967,cs.NE
2607.02966,cs.CL
2607.02964,cs.LG
2607.02964,cs.AI
2607.02964,cs.CL
2607.02963,cs.CV
2607.02963,cs.AI
2607.02963,cs.MM
2607.02959,cs.CV
2607.02959,cs.LG
2607.02956,cs.CV
2607.02956,cs.CL
2607.02934,cs.CV
2607.02934,cond-mat.mtrl-sci
2607.02934,cs.AI
2607.02932,cs.CR
2607.02932,cs.AI
2607.02932,cs.HC
2607.02932,cs.LG
2607.02927,cs.CV
2607.02927,cs.AI
2607.02919,physics.med-ph
2607.02919,cs.AI
2607.02919,cs.CV
2607.02919,eess.IV
2607.02919,eess.SP
2607.02914,cs.AI
2607.02909,cs.CV
2607.02909,cs.AI
2607.02907,cs.CV
2607.02907,cs.CL
2607.02897,cs.CR
2607.02897,cs.AI
2607.02897,cs.CV
2607.02893,cs.LG
2607.02893,cs.CL
2607.02881,cs.CL
2607.02879,cs.AI
2607.02873,cs.SE
2607.02873,cs.AI
2607.02873,cs.CR
2607.02869,cs.LG
2607.02854,cs.SE
2607.02854,cs.LG
2607.02846,cs.AI
2607.02829,cs.LG
2607.02819,cs.CR
2607.02819,cs.AI
2607.02819,cs.CV
2607.02805,cs.LG
2607.02805,cs.AI
2607.02805,cs.CL
2607.028,cs.LG
2607.02781,cs.LG
2607.02781,cs.AI
2607.02781,cs.CL
2607.02771,cs.AI
2607.02771,cs.CE
2607.0277,cs.CL
2607.0277,cs.AI
2607.02757,cs.CL
2607.02757,cs.SD
2607.02755,cs.LG
2607.02755,cs.AI
2607.02734,cs.CL
2607.02734,cs.AI
2607.02718,cs.CV
2607.02718,cs.AI
2607.02718,cs.LG
2607.02715,cs.LG
2607.02686,cs.AI
2607.02686,cs.LG
2607.02668,cs.CL
2607.02512,cs.LG
2607.02512,cs.AI
2607.02512,cs.CL
2607.02509,cs.AI
2607.02502,cs.LG
2607.02502,cs.AI
2607.02494,cs.CV
2607.02494,cs.CL
2607.0249,cs.CL
2607.0249,cs.CV
2607.02464,cs.CL
2607.02461,cs.CV
2607.02461,cs.AI
2607.02461,cs.LG
2607.0246,cs.LG
2607.0246,cs.AI
2607.02459,cs.CL
